{
  "departement": [
    {
      "id": 1,
      "nom": "Informatique"
    },
    {
      "id": 2,
      "nom": "Vente"
    },
    {
      "id": 3,
      "nom": "RH"
    }
  ],
  "projet": [
    {
      "id": 1,
      "nom": "Ville de Montréal",
      "budget": 200000,
      "duree": 24
    },
    {
      "id": 2,
      "nom": "Data warhouse",
      "budget": 100000,
      "duree": 8
    },
    {
      "id": 3,
      "nom": "App react native",
      "budget": 100000,
      "duree": 6
    },
    {
      "nom": "marjo",
      "budget": "2000",
      "duree": "20",
      "id": 4
    }
  ],
  "employe": [
    {
      "id": 1,
      "nomComplet": "Samuel pratte",
      "ville": "Québec",
      "courriel": "Samuel.pratte@gmail.com",
      "probation": "oui",
      "telehphone": "514-431-3987",
      "salaire": 60000,
      "departementId": 1,
      "projetId": 3
    },
    {
      "id": 2,
      "nomComplet": "Alain Savoie",
      "ville": "Montréal",
      "courriel": "Alain.Savoie@gmail.com",
      "probation": "non",
      "telehphone": "418-222-3457",
      "salaire": 80000,
      "departementId": 1,
      "projetId": 2
    },
    {
      "id": 3,
      "nomComplet": "Lyne Sarrond",
      "ville": "Québec",
      "courriel": "Lyne.Sarrond@hotmail.com",
      "probation": "non",
      "telehphone": "418-223-6675",
      "salaire": 65000,
      "departementId": 1,
      "projetId": 3
    },
    {
      "id": 4,
      "nomComplet": "Danny Hewitt",
      "ville": "Québec",
      "courriel": "Danny.Hewitt@outlook.ca",
      "probation": "non",
      "telehphone": "514-431-1128",
      "salaire": 90000,
      "departementId": 2,
      "projetId": 3
    },
    {
      "id": 5,
      "nomComplet": "Francis Crevier",
      "ville": "Montréal",
      "courriel": "Francis.Crevier@outlook.ca",
      "probation": "oui",
      "telehphone": "418-432-9954",
      "salaire": 50000,
      "departementId": 2,
      "projetId": 1
    },
    {
      "id": 6,
      "nomComplet": "Natalie Chabot",
      "ville": "Montréal",
      "courriel": "Natalie.Chabot@gmail.ca",
      "probation": "non",
      "telehphone": "418-239-5628",
      "salaire": 90000,
      "departementId": 3,
      "projetId": 2
    },
    {
      "id": 7,
      "nomComplet": "David Nichols",
      "ville": "Montréal",
      "courriel": "David.Nichols@gmail.ca",
      "probation": "non",
      "telehphone": "514-333-8893",
      "salaire": 120000,
      "departementId": 3,
      "projetId": 1
    },
    {
      "id": 8,
      "nomComplet": "Sylvie Bouchard",
      "ville": "Montréal",
      "courriel": "Sylvie.Bouchard@hotmail.ca",
      "probation": "non",
      "telehphone": "418-256-7797",
      "salaire": 120000,
      "departementId": 3,
      "projetId": 3
    }
  ]
}